customer_id,name,age,gender,city
C101,Lakshay Bamel,23,Male,Delhi
C102,Amit Sharma,25,Male,Mumbai
C103,Neha Verma,22,Female,Pune
C104,Riya Singh,24,Female,Bangalore
C105,Rahul Mehta,28,Male,Chennai
C106,Simran Kaur,21,Female,Delhi
